[{"pos_x": 158.0, "pos_y": -58.75, "rotation": 180.0, "side": "top", "designator": "C5", "mpn": null, "pack": "C_1206_3216Metric_Pad1.33x1.80mm_HandSolder", "value": "100nF", "mount_type": "smt"}, {"pos_x": 164.75, "pos_y": -71.75, "rotation": 0.0, "side": "top", "designator": "SW4", "mpn": null, "pack": "SW_SPST_Omron_B3FS-100xP", "value": "BOOT", "mount_type": "smt"}, {"pos_x": 167.75, "pos_y": -39.5, "rotation": 90.0, "side": "top", "designator": "TP7", "mpn": null, "pack": "TestPoint_Keystone_5019_Minature", "value": "GND", "mount_type": "smt"}, {"pos_x": 137.7975, "pos_y": -63.545, "rotation": 0.0, "side": "top", "designator": "U2", "mpn": null, "pack": "RAK3172", "value": "RAK3172", "mount_type": "tht"}, {"pos_x": 161.75, "pos_y": -39.5, "rotation": 90.0, "side": "top", "designator": "TP4", "mpn": null, "pack": "TestPoint_Keystone_5019_Minature", "value": "RXD2", "mount_type": "smt"}, {"pos_x": 158.0, "pos_y": -49.5, "rotation": 0.0, "side": "top", "designator": "R7", "mpn": null, "pack": "R_1206_3216Metric_Pad1.30x1.75mm_HandSolder", "value": "10K", "mount_type": "smt"}, {"pos_x": 154.5, "pos_y": -74.0, "rotation": 180.0, "side": "top", "designator": "JP1", "mpn": null, "pack": "SolderJumper-3_P1.3mm_Bridged12_RoundedPad1.0x1.5mm_NumberLabels", "value": "USER0", "mount_type": null}, {"pos_x": 164.8375, "pos_y": -85.5, "rotation": 0.0, "side": "top", "designator": "C9", "mpn": null, "pack": "CP_EIA-3528-15_AVX-H_Pad1.50x2.35mm_HandSolder", "value": "330uF", "mount_type": "smt"}, {"pos_x": 164.25, "pos_y": -60.25, "rotation": 180.0, "side": "top", "designator": "R2", "mpn": null, "pack": "R_1206_3216Metric_Pad1.30x1.75mm_HandSolder", "value": "10K", "mount_type": "smt"}, {"pos_x": 143.5, "pos_y": -40.0, "rotation": -90.0, "side": "top", "designator": "J3", "mpn": null, "pack": "SMA_Amphenol_132289_EdgeMount", "value": "915MHz SMA", "mount_type": "smt"}, {"pos_x": 164.75, "pos_y": -39.5, "rotation": 90.0, "side": "top", "designator": "TP5", "mpn": null, "pack": "TestPoint_Keystone_5019_Minature", "value": "RST", "mount_type": "smt"}, {"pos_x": 158.0, "pos_y": -81.0, "rotation": 180.0, "side": "top", "designator": "C8", "mpn": null, "pack": "CP_EIA-3528-15_AVX-H_Pad1.50x2.35mm_HandSolder", "value": "330uF", "mount_type": "smt"}, {"pos_x": 148.0, "pos_y": -85.5, "rotation": 0.0, "side": "top", "designator": "C10", "mpn": null, "pack": "CP_EIA-3528-15_AVX-H_Pad1.50x2.35mm_HandSolder", "value": "330uF", "mount_type": "smt"}, {"pos_x": 158.0, "pos_y": -85.5, "rotation": 180.0, "side": "top", "designator": "C2", "mpn": null, "pack": "CP_EIA-3528-15_AVX-H_Pad1.50x2.35mm_HandSolder", "value": "330uF", "mount_type": "smt"}, {"pos_x": 141.3125, "pos_y": -85.5, "rotation": 180.0, "side": "top", "designator": "C4", "mpn": null, "pack": "CP_EIA-3528-15_AVX-H_Pad1.50x2.35mm_HandSolder", "value": "330uF", "mount_type": "smt"}, {"pos_x": 151.75, "pos_y": -74.75, "rotation": 0.0, "side": "top", "designator": "G***", "mpn": null, "pack": "EdgeCut_BWLR2", "value": "LOGO", "mount_type": null}, {"pos_x": 143.75, "pos_y": -66.95, "rotation": 180.0, "side": "top", "designator": "C12", "mpn": null, "pack": "C_1206_3216Metric_Pad1.33x1.80mm_HandSolder", "value": "100nF", "mount_type": "smt"}, {"pos_x": 137.5, "pos_y": -71.85, "rotation": 90.0, "side": "top", "designator": "R5", "mpn": null, "pack": "R_1206_3216Metric_Pad1.30x1.75mm_HandSolder", "value": "1K", "mount_type": "smt"}, {"pos_x": 144.0, "pos_y": -71.75, "rotation": 180.0, "side": "top", "designator": "SW3", "mpn": null, "pack": "SW_SPST_Omron_B3FS-100xP", "value": "RESET", "mount_type": "smt"}, {"pos_x": 148.0, "pos_y": -81.0, "rotation": 0.0, "side": "top", "designator": "C13", "mpn": null, "pack": "CP_EIA-3528-15_AVX-H_Pad1.50x2.35mm_HandSolder", "value": "330uF", "mount_type": "smt"}, {"pos_x": 143.5, "pos_y": -44.0, "rotation": 0.0, "side": "top", "designator": "TP8", "mpn": null, "pack": "TestPoint_THTPad_D2.0mm_Drill1.0mm", "value": "RF", "mount_type": null}, {"pos_x": 141.25, "pos_y": -81.0, "rotation": 180.0, "side": "top", "designator": "C14", "mpn": null, "pack": "CP_EIA-3528-15_AVX-H_Pad1.50x2.35mm_HandSolder", "value": "330uF", "mount_type": "smt"}, {"pos_x": 158.75, "pos_y": -39.5, "rotation": 90.0, "side": "top", "designator": "TP2", "mpn": null, "pack": "TestPoint_Keystone_5019_Minature", "value": "TXD2", "mount_type": "smt"}, {"pos_x": 164.3125, "pos_y": -51.0, "rotation": 0.0, "side": "top", "designator": "R3", "mpn": null, "pack": "R_1206_3216Metric_Pad1.30x1.75mm_HandSolder", "value": "10K", "mount_type": "smt"}, {"pos_x": 155.75, "pos_y": -39.5, "rotation": 90.0, "side": "top", "designator": "TP1", "mpn": null, "pack": "TestPoint_Keystone_5019_Minature", "value": "VCC", "mount_type": "smt"}, {"pos_x": 164.8125, "pos_y": -90.0, "rotation": 0.0, "side": "top", "designator": "C6", "mpn": null, "pack": "CP_EIA-3528-15_AVX-H_Pad1.50x2.35mm_HandSolder", "value": "330uF", "mount_type": "smt"}, {"pos_x": 164.75, "pos_y": -45.5, "rotation": -90.0, "side": "top", "designator": "TP6", "mpn": null, "pack": "TestPoint_Keystone_5019_Minature", "value": "SWCLK", "mount_type": "smt"}, {"pos_x": 164.75, "pos_y": -81.0, "rotation": 0.0, "side": "top", "designator": "C1", "mpn": null, "pack": "CP_EIA-3528-15_AVX-H_Pad1.50x2.35mm_HandSolder", "value": "330uF", "mount_type": "smt"}, {"pos_x": 158.0, "pos_y": -52.25, "rotation": 0.0, "side": "top", "designator": "R6", "mpn": null, "pack": "R_1206_3216Metric_Pad1.30x1.75mm_HandSolder", "value": "10K", "mount_type": "smt"}, {"pos_x": 164.5, "pos_y": -67.0, "rotation": 0.0, "side": "top", "designator": "C11", "mpn": null, "pack": "C_1206_3216Metric_Pad1.33x1.80mm_HandSolder", "value": "100nF", "mount_type": "smt"}, {"pos_x": 156.4, "pos_y": -101.4, "rotation": 0.0, "side": "top", "designator": "G***", "mpn": null, "pack": "TextLogo_BWLR1B", "value": "LOGO", "mount_type": null}, {"pos_x": 152.827567, "pos_y": -96.331975, "rotation": 0.0, "side": "top", "designator": "G***", "mpn": null, "pack": "TeapotLogo", "value": "LOGO", "mount_type": null}, {"pos_x": 149.1, "pos_y": -101.9, "rotation": 0.0, "side": "top", "designator": "G***", "mpn": null, "pack": "TextLogo_Teapot", "value": "LOGO", "mount_type": null}, {"pos_x": 164.0625, "pos_y": -55.5, "rotation": 0.0, "side": "top", "designator": "U1", "mpn": null, "pack": "BME680-PSON80P300X300X100-8N", "value": "BME680", "mount_type": "tht"}, {"pos_x": 154.5, "pos_y": -69.5, "rotation": 180.0, "side": "top", "designator": "JP2", "mpn": null, "pack": "SolderJumper-3_P1.3mm_Bridged12_RoundedPad1.0x1.5mm_NumberLabels", "value": "USER1", "mount_type": null}, {"pos_x": 153.1125, "pos_y": -90.3, "rotation": 90.0, "side": "top", "designator": "Q1", "mpn": null, "pack": "SOT-23", "value": "AO3407", "mount_type": "smt"}, {"pos_x": 158.0, "pos_y": -61.5, "rotation": 180.0, "side": "top", "designator": "C3", "mpn": null, "pack": "C_1206_3216Metric_Pad1.33x1.80mm_HandSolder", "value": "100nF", "mount_type": "smt"}, {"pos_x": 141.3125, "pos_y": -90.0, "rotation": 180.0, "side": "top", "designator": "C7", "mpn": null, "pack": "CP_EIA-3528-15_AVX-H_Pad1.50x2.35mm_HandSolder", "value": "330uF", "mount_type": "smt"}, {"pos_x": 167.75, "pos_y": -45.5, "rotation": -90.0, "side": "top", "designator": "TP3", "mpn": null, "pack": "TestPoint_Keystone_5019_Minature", "value": "SWDIO", "mount_type": "smt"}, {"pos_x": 153.2, "pos_y": -91.5, "rotation": 180.0, "side": "bottom", "designator": "BT3", "mpn": null, "pack": "BatteryHolder_Keystone_3008_1x2450", "value": "CR2450", "mount_type": "smt"}, {"pos_x": 160.5, "pos_y": -104.25, "rotation": 90.0, "side": "bottom", "designator": "BT2", "mpn": null, "pack": "BatteryHolder_Keystone_2462_2xAA", "value": "2x AA", "mount_type": "tht"}, {"pos_x": 153.25, "pos_y": -64.0, "rotation": 0.0, "side": "bottom", "designator": "BT1", "mpn": null, "pack": "BatteryHolder_Keystone_3008_1x2450", "value": "CR2450", "mount_type": "smt"}]